Crash Year,Crash Month,Crash Day,Time of Day,City or Township,Crash: Intersection,Crash: Hit-and-Run,Lighting Conditions,Highway Class,Highway Number,Speed Limit at Crash Site,Weather Conditions (2016+),Worst Injury in Crash,Traffic Control,Trafficway,Crash Type
2017,September,17,5:00 PM - 6:00 PM,Wayne County: Hamtramck,Not intersection crash,Not hit-and-run,Daylight,"County road, city street, or unknown",Local road or unknown,25,Clear,Suspected minor injury (B),None,Not physically divided (two-way trafficway),Single motor vehicle
2017,July,29,10:00 PM - 11:00 PM,Wayne County: Detroit,Intersection crash,Hit-and-run,Dark lighted,Michigan route,M-1,30,Clear,No injury (O),None,Not physically divided (two-way trafficway),Single motor vehicle
2017,March,2,7:00 PM - 8:00 PM,Wayne County: Detroit,Not intersection crash,Not hit-and-run,Dark lighted,"County road, city street, or unknown",Local road or unknown,30,Cloudy,Suspected serious injury (A),Signal,Not physically divided (two-way trafficway),Other
2017,August,5,2:00 AM - 3:00 AM,Wayne County: Detroit,Not intersection crash,Hit-and-run,Dark lighted,"County road, city street, or unknown",Local road or unknown,35,Clear,Suspected serious injury (A),None,Not physically divided (two-way trafficway),Other
2017,October,2,8:00 PM - 9:00 PM,Wayne County: Detroit,Intersection crash,Not hit-and-run,Dark lighted,"County road, city street, or unknown",Local road or unknown,30,Clear,No injury (O),None,Not physically divided (two-way trafficway),Other
2017,March,19,5:00 PM - 6:00 PM,Wayne County: Dearborn,Intersection crash,Not hit-and-run,Daylight,"County road, city street, or unknown",Local road or unknown,35,Clear,Suspected serious injury (A),Yield sign,"Divided highway, median strip, without traffic barrier",Single motor vehicle
2017,March,29,9:00 PM - 10:00 PM,Wayne County: Detroit,Not intersection crash,Hit-and-run,Dark lighted,"County road, city street, or unknown",Local road or unknown,35,Clear,Possible injury (C),None,"Two-way, with continuous left-turn lane",Other
2017,October,23,7:00 AM - 8:00 AM,Wayne County: Canton Twp.,Intersection crash,Not hit-and-run,Dawn,"County road, city street, or unknown",Local road or unknown,40,Cloudy,Suspected minor injury (B),Signal,Not physically divided (two-way trafficway),Single motor vehicle
2017,January,27,10:00 AM - 11:00 AM,Wayne County: Detroit,Not intersection crash,Hit-and-run,Daylight,"County road, city street, or unknown",Local road or unknown,30,Clear,Suspected serious injury (A),None,Not physically divided (two-way trafficway),Other
2017,January,21,3:00 PM - 4:00 PM,Wayne County: Plymouth,Intersection crash,Not hit-and-run,Daylight,"County road, city street, or unknown",Local road or unknown,25,Clear,Suspected minor injury (B),None,Not physically divided (two-way trafficway),Single motor vehicle
2017,February,24,4:00 AM - 5:00 AM,Wayne County: Detroit,Intersection crash,Hit-and-run,Unknown,Michigan route,M-97,35,Unknown,Suspected serious injury (A),Signal,Not physically divided (two-way trafficway),Single motor vehicle
2017,December,1,7:00 PM - 8:00 PM,Wayne County: Detroit,Intersection crash,Not hit-and-run,Dark lighted,"County road, city street, or unknown",Local road or unknown,25,Clear,No injury (O),None,Not physically divided (two-way trafficway),Single motor vehicle
2017,October,4,8:00 AM - 9:00 AM,Wayne County: Hamtramck,Not intersection crash,Hit-and-run,Daylight,"County road, city street, or unknown",Local road or unknown,25,Clear,Suspected minor injury (B),None,Not physically divided (two-way trafficway),Single motor vehicle
2017,August,31,1:00 PM - 2:00 PM,Wayne County: Detroit,Intersection crash,Not hit-and-run,Daylight,"County road, city street, or unknown",Local road or unknown,25,Clear,Suspected minor injury (B),None,Not physically divided (two-way trafficway),Other
2017,April,23,11:00 AM - 12:00 noon,Wayne County: Detroit,Intersection crash,Hit-and-run,Daylight,"County road, city street, or unknown",Local road or unknown,35,Clear,Suspected serious injury (A),None,Not physically divided (two-way trafficway),Single motor vehicle
2017,September,2,8:00 PM - 9:00 PM,Wayne County: Detroit,Not intersection crash,Hit-and-run,Dark lighted,Michigan route,M-102\US-102,40,Clear,Suspected minor injury (B),Signal,"Divided highway, median strip, without traffic barrier",Single motor vehicle
2017,August,24,2:00 PM - 3:00 PM,Wayne County: Dearborn Heights,Not intersection crash,Not hit-and-run,Daylight,"County road, city street, or unknown",Local road or unknown,25,Cloudy,Possible injury (C),None,Not physically divided (two-way trafficway),Backing
2017,April,2,7:00 AM - 8:00 AM,Wayne County: Detroit,Not intersection crash,Not hit-and-run,Daylight,Interstate route,M-96\I-96\I-96BS,70,Clear,Fatal injury (K),None,"Divided highway, median strip, with traffic barrier",Sideswipe same direction
2017,June,14,9:00 PM - 10:00 PM,Wayne County: Detroit,Intersection crash,Not hit-and-run,Dark lighted,Michigan route,M-53,35,Clear,Suspected minor injury (B),None,"Divided highway, median strip, with traffic barrier",Other
2017,April,15,1:00 PM - 2:00 PM,Wayne County: Detroit,Not intersection crash,Not hit-and-run,Daylight,Michigan route,M-53,35,Clear,Possible injury (C),None,Not physically divided (two-way trafficway),Rear-end
2017,November,15,11:00 PM - 12:00 midnight,Wayne County: Taylor,Intersection crash,Not hit-and-run,Dark lighted,U.S. route,M-24\US-24\US-24BR,45,Clear,Suspected serious injury (A),Signal,"Two-way, with continuous left-turn lane",Single motor vehicle
2017,May,21,5:00 PM - 6:00 PM,Wayne County: Detroit,Not intersection crash,Not hit-and-run,Daylight,"County road, city street, or unknown",Local road or unknown,35,Cloudy,Possible injury (C),Signal,Not physically divided (two-way trafficway),Other
2017,March,4,7:00 PM - 8:00 PM,Wayne County: Hamtramck,Not intersection crash,Hit-and-run,Dark lighted,"County road, city street, or unknown",Local road or unknown,25,Clear,Suspected serious injury (A),Signal,"Divided highway, median strip, without traffic barrier",Single motor vehicle
2017,January,13,5:00 PM - 6:00 PM,Wayne County: Detroit,Not intersection crash,Not hit-and-run,Daylight,Michigan route,M-3,35,Clear,Possible injury (C),None,Not physically divided (two-way trafficway),Single motor vehicle
2017,November,10,3:00 PM - 4:00 PM,Wayne County: Detroit,Not intersection crash,Hit-and-run,Daylight,"County road, city street, or unknown",Local road or unknown,30,Clear,Possible injury (C),Stop sign,Not physically divided (two-way trafficway),Single motor vehicle
2017,June,13,7:00 PM - 8:00 PM,Wayne County: Wayne,Not intersection crash,Not hit-and-run,Daylight,"County road, city street, or unknown",Local road or unknown,25,Clear,Suspected serious injury (A),None,Not physically divided (two-way trafficway),Single motor vehicle
2017,August,10,3:00 PM - 4:00 PM,Wayne County: Detroit,Intersection crash,Hit-and-run,Daylight,"County road, city street, or unknown",Local road or unknown,25,Clear,Suspected minor injury (B),Signal,Not physically divided (two-way trafficway),Other
2017,October,26,10:00 PM - 11:00 PM,Wayne County: Detroit,Intersection crash,Hit-and-run,Dark lighted,"County road, city street, or unknown",Local road or unknown,Uncoded & errors,Clear,Suspected minor injury (B),Signal,Not physically divided (two-way trafficway),Other
2017,October,6,3:00 AM - 4:00 AM,Wayne County: Detroit,Not intersection crash,Not hit-and-run,Dark lighted,"County road, city street, or unknown",Local road or unknown,30,Rain,Suspected serious injury (A),None,Not physically divided (two-way trafficway),Other
2017,August,28,6:00 PM - 7:00 PM,Wayne County: Detroit,Intersection crash,Not hit-and-run,Daylight,"County road, city street, or unknown",Local road or unknown,35,Rain,Suspected serious injury (A),Signal,Not physically divided (two-way trafficway),Other
2017,January,23,6:00 PM - 7:00 PM,Wayne County: Wayne,Intersection crash,Hit-and-run,Dark lighted,U.S. route,M-12\US-12\US-12BL\US-12BR,30,Clear,Suspected minor injury (B),Signal,One-way trafficway,Single motor vehicle
2017,April,24,11:00 AM - 12:00 noon,Wayne County: Detroit,Intersection crash,Hit-and-run,Daylight,"County road, city street, or unknown",Local road or unknown,35,Clear,Suspected minor injury (B),Signal,Not physically divided (two-way trafficway),Single motor vehicle
2017,July,19,7:00 PM - 8:00 PM,Wayne County: Hamtramck,Not intersection crash,Not hit-and-run,Daylight,"County road, city street, or unknown",Local road or unknown,25,Clear,Suspected minor injury (B),None,One-way trafficway,Single motor vehicle
2017,November,21,3:00 PM - 4:00 PM,Wayne County: Taylor,Intersection crash,Not hit-and-run,Daylight,"County road, city street, or unknown",Local road or unknown,25,Cloudy,Possible injury (C),None,Not physically divided (two-way trafficway),Single motor vehicle
2017,April,17,11:00 AM - 12:00 noon,Wayne County: Detroit,Not intersection crash,Not hit-and-run,Daylight,"County road, city street, or unknown",Local road or unknown,30,Clear,No injury (O),Signal,Not physically divided (two-way trafficway),Single motor vehicle
2017,September,3,2:00 AM - 3:00 AM,Wayne County: Detroit,Not intersection crash,Hit-and-run,Dark lighted,"County road, city street, or unknown",Local road or unknown,30,Clear,No injury (O),None,Not physically divided (two-way trafficway),Other
2017,October,10,6:00 PM - 7:00 PM,Wayne County: Detroit,Intersection crash,Not hit-and-run,Daylight,"County road, city street, or unknown",Local road or unknown,35,Clear,Possible injury (C),Signal,Not physically divided (two-way trafficway),Other
2017,January,30,6:00 AM - 7:00 AM,Wayne County: Detroit,Not intersection crash,Not hit-and-run,Dawn,Michigan route,M-5,35,Cloudy,Suspected serious injury (A),None,"Divided highway, median strip, without traffic barrier",Single motor vehicle
2017,May,12,4:00 PM - 5:00 PM,Wayne County: Taylor,Intersection crash,Not hit-and-run,Daylight,"County road, city street, or unknown",Local road or unknown,40,Clear,Suspected minor injury (B),Signal,Not physically divided (two-way trafficway),Single motor vehicle
2017,December,21,9:00 AM - 10:00 AM,Wayne County: Detroit,Intersection crash,Hit-and-run,Daylight,"County road, city street, or unknown",Local road or unknown,25,Clear,No injury (O),Signal,Not physically divided (two-way trafficway),Single motor vehicle
2017,February,27,9:00 PM - 10:00 PM,Wayne County: Livonia,Intersection crash,Not hit-and-run,Dark lighted,Michigan route,M-14\M-14old,40,Cloudy,Suspected minor injury (B),None,"Two-way, with continuous left-turn lane",Other
2017,February,13,12:00 noon - 1:00 PM,Wayne County: Detroit,Intersection crash,Not hit-and-run,Daylight,"County road, city street, or unknown",Local road or unknown,35,Clear,Possible injury (C),Signal,Not physically divided (two-way trafficway),Single motor vehicle
2017,July,4,8:00 PM - 9:00 PM,Wayne County: Detroit,Not intersection crash,Not hit-and-run,Daylight,"County road, city street, or unknown",Local road or unknown,30,Clear,Fatal injury (K),None,Not physically divided (two-way trafficway),Single motor vehicle
2017,August,22,6:00 PM - 7:00 PM,Wayne County: Dearborn Heights,Not intersection crash,Not hit-and-run,Daylight,"County road, city street, or unknown",Local road or unknown,25,Clear,Suspected minor injury (B),None,Not physically divided (two-way trafficway),Single motor vehicle
2017,May,1,5:00 PM - 6:00 PM,Wayne County: Canton Twp.,Not intersection crash,Not hit-and-run,Daylight,"County road, city street, or unknown",Local road or unknown,15,Clear,Suspected minor injury (B),Stop sign,Not physically divided (two-way trafficway),Single motor vehicle
2017,February,5,2:00 AM - 3:00 AM,Wayne County: Redford Twp.,Not intersection crash,Hit-and-run,Dark lighted,U.S. route,M-24\US-24\US-24BR,45,Clear,Possible injury (C),None,"Divided highway, median strip, without traffic barrier",Single motor vehicle
2017,May,18,4:00 PM - 5:00 PM,Wayne County: Dearborn,Not intersection crash,Not hit-and-run,Daylight,"County road, city street, or unknown",Local road or unknown,35,Clear,Suspected minor injury (B),Signal,Not physically divided (two-way trafficway),Other
2017,December,1,3:00 PM - 4:00 PM,Wayne County: Taylor,Not intersection crash,Hit-and-run,Daylight,"County road, city street, or unknown",Local road or unknown,25,Cloudy,Possible injury (C),None,Not physically divided (two-way trafficway),Single motor vehicle
2017,July,19,8:00 PM - 9:00 PM,Wayne County: Detroit,Not intersection crash,Hit-and-run,Dusk,"County road, city street, or unknown",Local road or unknown,25,Clear,No injury (O),None,"Divided highway, median strip, without traffic barrier",Single motor vehicle
2017,May,18,2:00 PM - 3:00 PM,Wayne County: Detroit,Intersection crash,Not hit-and-run,Daylight,U.S. route,M-12\US-12\US-12BL\US-12BR,30,Clear,Suspected minor injury (B),None,Not physically divided (two-way trafficway),Single motor vehicle
2017,March,7,5:00 PM - 6:00 PM,Wayne County: Detroit,Intersection crash,Not hit-and-run,Daylight,"County road, city street, or unknown",Local road or unknown,25,Clear,No injury (O),Stop sign,Not physically divided (two-way trafficway),Single motor vehicle
2017,November,13,7:00 AM - 8:00 AM,Wayne County: Detroit,Not intersection crash,Hit-and-run,Daylight,Michigan route,M-3,35,Clear,Suspected serious injury (A),None,"Divided highway, median strip, without traffic barrier",Other
2017,July,3,4:00 PM - 5:00 PM,Wayne County: Detroit,Not intersection crash,Not hit-and-run,Daylight,"County road, city street, or unknown",Local road or unknown,30,Clear,Suspected minor injury (B),Signal,Not physically divided (two-way trafficway),Other
2017,July,25,2:00 PM - 3:00 PM,Wayne County: Detroit,Intersection crash,Hit-and-run,Daylight,Michigan route,M-1,30,Clear,Possible injury (C),None,Not physically divided (two-way trafficway),Single motor vehicle
2017,June,26,6:00 PM - 7:00 PM,Wayne County: Redford Twp.,Not intersection crash,Not hit-and-run,Daylight,"County road, city street, or unknown",Local road or unknown,25,Clear,Possible injury (C),None,"Two-way, with continuous left-turn lane",Single motor vehicle
2017,April,13,4:00 PM - 5:00 PM,Wayne County: Detroit,Not intersection crash,Hit-and-run,Daylight,Michigan route,M-3,30,Cloudy,Suspected serious injury (A),None,Not physically divided (two-way trafficway),Single motor vehicle
2017,August,3,1:00 PM - 2:00 PM,Wayne County: Detroit,Intersection crash,Not hit-and-run,Daylight,"County road, city street, or unknown",Local road or unknown,30,Clear,Possible injury (C),None,Not physically divided (two-way trafficway),Single motor vehicle
2017,September,14,10:00 AM - 11:00 AM,Wayne County: Canton Twp.,Not intersection crash,Not hit-and-run,Daylight,"County road, city street, or unknown",Local road or unknown,45,Clear,Possible injury (C),Stop sign,Not physically divided (two-way trafficway),Other
2017,May,31,12:00 noon - 1:00 PM,Wayne County: Detroit,Intersection crash,Not hit-and-run,Daylight,"County road, city street, or unknown",Local road or unknown,30,Clear,Possible injury (C),Signal,Not physically divided (two-way trafficway),Single motor vehicle
2017,May,13,6:00 PM - 7:00 PM,Wayne County: Detroit,Intersection crash,Not hit-and-run,Daylight,Michigan route,M-8\US-8,35,Clear,Suspected minor injury (B),Signal,Not physically divided (two-way trafficway),Other
2017,December,20,3:00 PM - 4:00 PM,Wayne County: Northville Twp.,Intersection crash,Not hit-and-run,Daylight,"County road, city street, or unknown",Local road or unknown,45,Clear,Possible injury (C),Signal,Not physically divided (two-way trafficway),Single motor vehicle
2017,December,16,10:00 PM - 11:00 PM,Wayne County: Detroit,Not intersection crash,Not hit-and-run,Dark lighted,"County road, city street, or unknown",Local road or unknown,30,Cloudy,Fatal injury (K),None,Not physically divided (two-way trafficway),Single motor vehicle
2017,February,21,11:00 PM - 12:00 midnight,Wayne County: Dearborn,Intersection crash,Not hit-and-run,Dark lighted,U.S. route,M-12\US-12\US-12BL\US-12BR,35,Clear,Suspected minor injury (B),Signal,Not physically divided (two-way trafficway),Single motor vehicle
2017,November,16,11:00 PM - 12:00 midnight,Wayne County: Detroit,Intersection crash,Not hit-and-run,Dark unlighted,"County road, city street, or unknown",Local road or unknown,25,Clear,No injury (O),None,Not physically divided (two-way trafficway),Single motor vehicle
2017,December,1,4:00 PM - 5:00 PM,Wayne County: Detroit,Intersection crash,Hit-and-run,Daylight,Michigan route,M-3,30,Clear,Possible injury (C),None,"Divided highway, median strip, without traffic barrier",Other
2017,June,9,7:00 PM - 8:00 PM,Wayne County: Detroit,Not intersection crash,Not hit-and-run,Daylight,"County road, city street, or unknown",Local road or unknown,30,Rain,Suspected serious injury (A),None,Not physically divided (two-way trafficway),Single motor vehicle
2017,May,19,12:00 midnight - 1:00 AM,Wayne County: Detroit,Not intersection crash,Not hit-and-run,Dark lighted,Michigan route,M-3,35,Clear,Suspected minor injury (B),Signal,Not physically divided (two-way trafficway),Single motor vehicle
2017,June,1,6:00 PM - 7:00 PM,Wayne County: Detroit,Intersection crash,Hit-and-run,Daylight,"County road, city street, or unknown",Local road or unknown,35,Clear,Possible injury (C),Signal,Not physically divided (two-way trafficway),Single motor vehicle
2017,January,19,6:00 PM - 7:00 PM,Wayne County: Plymouth,Intersection crash,Not hit-and-run,Dark lighted,"County road, city street, or unknown",Local road or unknown,25,Cloudy,Suspected serious injury (A),Signal,"Divided highway, median strip, without traffic barrier",Single motor vehicle
2017,August,20,11:00 PM - 12:00 midnight,Wayne County: Detroit,Not intersection crash,Hit-and-run,Dark lighted,"County road, city street, or unknown",Local road or unknown,35,Clear,Suspected serious injury (A),None,Not physically divided (two-way trafficway),Other
2017,April,19,7:00 PM - 8:00 PM,Wayne County: Detroit,Intersection crash,Not hit-and-run,Daylight,Michigan route,M-102\US-102,40,Rain,Suspected serious injury (A),None,"Divided highway, median strip, without traffic barrier",Single motor vehicle
2017,June,26,10:00 PM - 11:00 PM,Wayne County: Detroit,Intersection crash,Hit-and-run,Dark lighted,"County road, city street, or unknown",Local road or unknown,25,Clear,Possible injury (C),Stop sign,Not physically divided (two-way trafficway),Single motor vehicle
2017,June,8,1:00 AM - 2:00 AM,Wayne County: Highland Park,Not intersection crash,Hit-and-run,Dark lighted,"County road, city street, or unknown",Local road or unknown,25,Clear,No injury (O),None,Not physically divided (two-way trafficway),Other
2017,July,28,8:00 PM - 9:00 PM,Wayne County: Detroit,Intersection crash,Hit-and-run,Daylight,"County road, city street, or unknown",Local road or unknown,25,Clear,Suspected serious injury (A),None,One-way trafficway,Single motor vehicle
2017,December,18,8:00 PM - 9:00 PM,Wayne County: Detroit,Not intersection crash,Not hit-and-run,Dark lighted,Michigan route,M-102\US-102,40,Clear,Suspected serious injury (A),None,Not physically divided (two-way trafficway),Single motor vehicle
2017,December,24,2:00 PM - 3:00 PM,Wayne County: Detroit,Not intersection crash,Hit-and-run,Daylight,"County road, city street, or unknown",Local road or unknown,35,Snow,No injury (O),None,Not physically divided (two-way trafficway),Single motor vehicle
2017,December,1,5:00 PM - 6:00 PM,Wayne County: Detroit,Not intersection crash,Not hit-and-run,Dusk,Michigan route,M-3,35,Clear,Possible injury (C),None,Not physically divided (two-way trafficway),Single motor vehicle
2017,November,18,5:00 PM - 6:00 PM,Wayne County: Detroit,Intersection crash,Hit-and-run,Dark lighted,U.S. route,M-24\US-24\US-24BR,45,Cloudy,Possible injury (C),Signal,"Divided highway, median strip, with traffic barrier",Other
2017,September,23,11:00 PM - 12:00 midnight,Wayne County: Detroit,Not intersection crash,Not hit-and-run,Dark lighted,"County road, city street, or unknown",Local road or unknown,35,Clear,Suspected minor injury (B),None,Not physically divided (two-way trafficway),Other
2017,November,15,6:00 PM - 7:00 PM,Wayne County: Dearborn,Intersection crash,Not hit-and-run,Daylight,Michigan route,M-153,50,Rain,Possible injury (C),Signal,"Divided highway, median strip, with traffic barrier",Single motor vehicle
2017,June,9,4:00 PM - 5:00 PM,Wayne County: Detroit,Not intersection crash,Hit-and-run,Daylight,Michigan route,M-5,35,Clear,No injury (O),Signal,Not physically divided (two-way trafficway),Single motor vehicle
2017,February,23,10:00 PM - 11:00 PM,Wayne County: Detroit,Intersection crash,Not hit-and-run,Dark lighted,Michigan route,M-5,35,Clear,Possible injury (C),Signal,Not physically divided (two-way trafficway),Other
2017,December,20,2:00 PM - 3:00 PM,Wayne County: Detroit,Intersection crash,Hit-and-run,Daylight,"County road, city street, or unknown",Local road or unknown,25,Clear,Suspected minor injury (B),Signal,One-way trafficway,Single motor vehicle
2017,August,25,4:00 AM - 5:00 AM,Wayne County: Westland,Not intersection crash,Not hit-and-run,Dark lighted,"County road, city street, or unknown",Local road or unknown,45,Cloudy,Suspected serious injury (A),None,Not physically divided (two-way trafficway),Single motor vehicle
2017,July,3,3:00 AM - 4:00 AM,Wayne County: Allen Park,Intersection crash,Not hit-and-run,Dark lighted,Interstate route,M-94\I-94\I-94BL\I-94BR,25,Clear,Possible injury (C),Signal,One-way trafficway,Other
2017,December,8,8:00 PM - 9:00 PM,Wayne County: Detroit,Intersection crash,Hit-and-run,Dark lighted,Michigan route,M-96\I-96\I-96BS,35,Clear,No injury (O),Signal,Not physically divided (two-way trafficway),Other
2017,March,1,9:00 PM - 10:00 PM,Wayne County: Wyandotte,Not intersection crash,Not hit-and-run,Dark unlighted,"County road, city street, or unknown",Local road or unknown,25,Cloudy,Suspected minor injury (B),None,Not physically divided (two-way trafficway),Single motor vehicle
2017,February,28,8:00 PM - 9:00 PM,Wayne County: Detroit,Not intersection crash,Hit-and-run,Dark lighted,"County road, city street, or unknown",Local road or unknown,35,Rain,Possible injury (C),None,Not physically divided (two-way trafficway),Single motor vehicle
2017,September,18,8:00 PM - 9:00 PM,Wayne County: Detroit,Not intersection crash,Hit-and-run,Dark unlighted,"County road, city street, or unknown",Local road or unknown,35,Clear,Possible injury (C),None,Not physically divided (two-way trafficway),Unknown
2017,May,4,10:00 PM - 11:00 PM,Wayne County: Hamtramck,Not intersection crash,Not hit-and-run,Dark lighted,Interstate route,M-75\I-75\I-75BL\I-75BS,25,Rain,No injury (O),Signal,One-way trafficway,Single motor vehicle
2017,October,17,7:00 PM - 8:00 PM,Wayne County: Taylor,Not intersection crash,Not hit-and-run,Dark lighted,U.S. route,M-24\US-24\US-24BR,45,Clear,Suspected minor injury (B),None,"Divided highway, median strip, with traffic barrier",Single motor vehicle
2017,June,2,5:00 PM - 6:00 PM,Wayne County: Detroit,Not intersection crash,Hit-and-run,Daylight,Michigan route,M-85,30,Clear,Suspected serious injury (A),None,Not physically divided (two-way trafficway),Other
2017,December,26,5:00 PM - 6:00 PM,Wayne County: Romulus,Not intersection crash,Hit-and-run,Daylight,"County road, city street, or unknown",Local road or unknown,45,Cloudy,No injury (O),None,Not physically divided (two-way trafficway),Single motor vehicle
2017,January,11,6:00 PM - 7:00 PM,Wayne County: Detroit,Not intersection crash,Not hit-and-run,Dark lighted,Michigan route,M-5,35,Rain,Possible injury (C),None,Not physically divided (two-way trafficway),Single motor vehicle
2017,December,16,2:00 AM - 3:00 AM,Wayne County: Romulus,Not intersection crash,Not hit-and-run,Dark lighted,Interstate route,M-94\I-94\I-94BL\I-94BR,70,Snow,Possible injury (C),None,"Divided highway, median strip, with traffic barrier",Other
2017,April,16,11:00 AM - 12:00 noon,Wayne County: Detroit,Intersection crash,Not hit-and-run,Daylight,"County road, city street, or unknown",Local road or unknown,35,Clear,Suspected minor injury (B),Signal,Not physically divided (two-way trafficway),Single motor vehicle
2017,July,22,2:00 PM - 3:00 PM,Wayne County: Detroit,Intersection crash,Hit-and-run,Daylight,"County road, city street, or unknown",Local road or unknown,25,Clear,Suspected serious injury (A),Signal,Not physically divided (two-way trafficway),Unknown
2017,July,20,5:00 PM - 6:00 PM,Wayne County: Detroit,Intersection crash,Hit-and-run,Daylight,U.S. route,M-12\US-12\US-12BL\US-12BR,35,Clear,Suspected minor injury (B),Signal,Not physically divided (two-way trafficway),Other
2017,January,21,8:00 PM - 9:00 PM,Wayne County: Romulus,Not intersection crash,Not hit-and-run,Dark unlighted,"County road, city street, or unknown",Local road or unknown,45,Fog,Fatal injury (K),None,Not physically divided (two-way trafficway),Single motor vehicle
2017,February,1,9:00 PM - 10:00 PM,Wayne County: Detroit,Intersection crash,Hit-and-run,Dark lighted,"County road, city street, or unknown",Local road or unknown,30,Clear,Possible injury (C),Signal,Not physically divided (two-way trafficway),Single motor vehicle
2017,July,22,12:00 midnight - 1:00 AM,Wayne County: Romulus,Intersection crash,Hit-and-run,Dark unlighted,"County road, city street, or unknown",Local road or unknown,45,Clear,Suspected minor injury (B),Signal,"Divided highway, median strip, with traffic barrier",Single motor vehicle
2017,May,21,6:00 PM - 7:00 PM,Wayne County: Detroit,Not intersection crash,Hit-and-run,Unknown,"County road, city street, or unknown",Local road or unknown,25,Unknown,No injury (O),None,Not physically divided (two-way trafficway),Unknown
2017,March,30,8:00 AM - 9:00 AM,Wayne County: Detroit,Intersection crash,Hit-and-run,Daylight,"County road, city street, or unknown",Local road or unknown,25,Rain,Suspected minor injury (B),Stop sign,Not physically divided (two-way trafficway),Other
2017,September,2,5:00 PM - 6:00 PM,Wayne County: Detroit,Not intersection crash,Not hit-and-run,Daylight,U.S. route,M-12\US-12\US-12BL\US-12BR,35,Cloudy,Suspected minor injury (B),None,Not physically divided (two-way trafficway),Single motor vehicle
2017,May,17,6:00 PM - 7:00 PM,Wayne County: Dearborn Heights,Not intersection crash,Not hit-and-run,Daylight,"County road, city street, or unknown",Local road or unknown,25,Clear,Suspected serious injury (A),None,Not physically divided (two-way trafficway),Other
2017,September,20,12:00 noon - 1:00 PM,Wayne County: Detroit,Intersection crash,Not hit-and-run,Daylight,"County road, city street, or unknown",Local road or unknown,35,Cloudy,Possible injury (C),Signal,Not physically divided (two-way trafficway),Other
2017,December,7,6:00 PM - 7:00 PM,Wayne County: Detroit,Not intersection crash,Not hit-and-run,Dark lighted,"County road, city street, or unknown",Local road or unknown,35,Snow,Possible injury (C),Signal,Not physically divided (two-way trafficway),Other
2017,October,17,11:00 PM - 12:00 midnight,Wayne County: Taylor,Not intersection crash,Hit-and-run,Dark lighted,"County road, city street, or unknown",Local road or unknown,25,Clear,Possible injury (C),None,Not physically divided (two-way trafficway),Single motor vehicle
2017,December,9,6:00 PM - 7:00 PM,Wayne County: Detroit,Not intersection crash,Not hit-and-run,Dark lighted,Michigan route,M-53,35,Snow,Suspected minor injury (B),None,Not physically divided (two-way trafficway),Single motor vehicle
2017,June,1,3:00 PM - 4:00 PM,Wayne County: Detroit,Intersection crash,Not hit-and-run,Daylight,Michigan route,M-85,25,Clear,Possible injury (C),Stop sign,Not physically divided (two-way trafficway),Other
2017,December,2,12:00 midnight - 1:00 AM,Wayne County: Detroit,Not intersection crash,Not hit-and-run,Dark lighted,U.S. route,M-24\US-24\US-24BR,45,Clear,Suspected serious injury (A),Signal,"Divided highway, median strip, with traffic barrier",Other
2017,June,19,11:00 PM - 12:00 midnight,Wayne County: Detroit,Not intersection crash,Hit-and-run,Dark lighted,"County road, city street, or unknown",Local road or unknown,35,Clear,Fatal injury (K),None,Not physically divided (two-way trafficway),Single motor vehicle
2017,May,12,7:00 PM - 8:00 PM,Wayne County: Detroit,Not intersection crash,Hit-and-run,Daylight,"County road, city street, or unknown",Local road or unknown,35,Clear,Possible injury (C),None,"Divided highway, median strip, without traffic barrier",Other
2017,October,23,3:00 PM - 4:00 PM,Wayne County: Detroit,Not intersection crash,Not hit-and-run,Daylight,"County road, city street, or unknown",Local road or unknown,30,Rain,Suspected minor injury (B),None,"Divided highway, median strip, without traffic barrier",Other
2017,February,24,3:00 AM - 4:00 AM,Wayne County: Detroit,Not intersection crash,Hit-and-run,Dark lighted,Michigan route,M-102\US-102,45,Rain,Suspected serious injury (A),None,"Divided highway, median strip, with traffic barrier",Other