Crash Year,Crash Month,Crash Day,Time of Day,City or Township,Crash: Intersection,Crash: Hit-and-Run,Lighting Conditions,Highway Class,Highway Number,Speed Limit at Crash Site,Weather Conditions (2016+),Worst Injury in Crash,Traffic Control,Trafficway,Crash Type
2017,July,19,11:00 AM - 12:00 noon,Wayne County: Hamtramck,Not intersection crash,Not hit-and-run,Daylight,"County road, city street, or unknown",Local road or unknown,25,Clear,No injury (O),None,Not physically divided (two-way trafficway),Other
2017,March,16,8:00 AM - 9:00 AM,Wayne County: Detroit,Intersection crash,Not hit-and-run,Daylight,"County road, city street, or unknown",Local road or unknown,30,Clear,No injury (O),Signal,Not physically divided (two-way trafficway),Other
2017,April,27,1:00 AM - 2:00 AM,Wayne County: Rockwood,Not intersection crash,Not hit-and-run,Dark lighted,"County road, city street, or unknown",Local road or unknown,25,Clear,Suspected serious injury (A),None,Not physically divided (two-way trafficway),Other
2017,January,12,9:00 PM - 10:00 PM,Wayne County: Van Buren Twp.,Not intersection crash,Not hit-and-run,Dark unlighted,Interstate route,I-275,70,Cloudy,Fatal injury (K),None,"Divided highway, median strip, with traffic barrier",Single motor vehicle
2017,November,2,7:00 AM - 8:00 AM,Wayne County: Dearborn Heights,Not intersection crash,Not hit-and-run,Dark lighted,"County road, city street, or unknown",Local road or unknown,25,Rain,Possible injury (C),Stop sign,Not physically divided (two-way trafficway),Other
2017,March,3,11:00 PM - 12:00 midnight,Wayne County: Taylor,Intersection crash,Not hit-and-run,Dark lighted,"County road, city street, or unknown",Local road or unknown,40,Clear,Suspected minor injury (B),Signal,Not physically divided (two-way trafficway),Other
2017,January,28,11:00 PM - 12:00 midnight,Wayne County: Detroit,Intersection crash,Hit-and-run,Dark lighted,"County road, city street, or unknown",Local road or unknown,35,Snow,No injury (O),Signal,Not physically divided (two-way trafficway),Single motor vehicle
2017,April,25,7:00 AM - 8:00 AM,Wayne County: Westland,Not intersection crash,Not hit-and-run,Daylight,"County road, city street, or unknown",Local road or unknown,35,Cloudy,Suspected minor injury (B),Signal,Not physically divided (two-way trafficway),Single motor vehicle
2017,March,15,8:00 AM - 9:00 AM,Wayne County: Detroit,Intersection crash,Not hit-and-run,Daylight,"County road, city street, or unknown",Local road or unknown,35,Clear,Suspected minor injury (B),Signal,Not physically divided (two-way trafficway),Other
2017,October,7,10:00 AM - 11:00 AM,Wayne County: Taylor,Intersection crash,Not hit-and-run,Daylight,"County road, city street, or unknown",Local road or unknown,25,Clear,Suspected minor injury (B),Signal,Not physically divided (two-way trafficway),Other
2017,October,31,6:00 AM - 7:00 AM,Wayne County: Westland,Intersection crash,Not hit-and-run,Dark lighted,"County road, city street, or unknown",Local road or unknown,40,Cloudy,Suspected serious injury (A),Signal,Not physically divided (two-way trafficway),Single motor vehicle
2017,November,29,10:00 AM - 11:00 AM,Wayne County: Detroit,Intersection crash,Not hit-and-run,Daylight,"County road, city street, or unknown",Local road or unknown,30,Clear,Suspected serious injury (A),Stop sign,Not physically divided (two-way trafficway),Other
2017,September,29,3:00 PM - 4:00 PM,Wayne County: Detroit,Intersection crash,Not hit-and-run,Daylight,"County road, city street, or unknown",Local road or unknown,40,Clear,Possible injury (C),Stop sign,Not physically divided (two-way trafficway),Single motor vehicle
2017,April,26,5:00 PM - 6:00 PM,Wayne County: Detroit,Not intersection crash,Not hit-and-run,Daylight,"County road, city street, or unknown",Local road or unknown,35,Clear,Suspected minor injury (B),None,"Divided highway, median strip, with traffic barrier",Other
2017,September,29,7:00 AM - 8:00 AM,Wayne County: Detroit,Not intersection crash,Not hit-and-run,Dawn,"County road, city street, or unknown",Local road or unknown,30,Rain,Fatal injury (K),None,Not physically divided (two-way trafficway),Rear-end
2017,September,14,9:00 PM - 10:00 PM,Wayne County: Hamtramck,Not intersection crash,Not hit-and-run,Dark lighted,"County road, city street, or unknown",Local road or unknown,25,Clear,Possible injury (C),None,One-way trafficway,Single motor vehicle
2017,December,4,10:00 PM - 11:00 PM,Wayne County: Detroit,Not intersection crash,Not hit-and-run,Dark unlighted,"County road, city street, or unknown",Local road or unknown,25,Clear,Possible injury (C),None,Not physically divided (two-way trafficway),Single motor vehicle
2017,September,4,10:00 PM - 11:00 PM,Wayne County: Wyandotte,Intersection crash,Not hit-and-run,Dark unlighted,Michigan route,M-85,45,Clear,Suspected serious injury (A),Signal,One-way trafficway,Single motor vehicle
2017,January,3,4:00 PM - 5:00 PM,Wayne County: Detroit,Not intersection crash,Hit-and-run,Dark lighted,"County road, city street, or unknown",Local road or unknown,35,Rain,Fatal injury (K),None,"Two-way, with continuous left-turn lane",Single motor vehicle
2017,August,5,9:00 PM - 10:00 PM,Wayne County: Detroit,Intersection crash,Not hit-and-run,Dark lighted,"County road, city street, or unknown",Local road or unknown,35,Clear,Possible injury (C),Signal,"Divided highway, median strip, without traffic barrier",Other
2017,April,4,5:00 PM - 6:00 PM,Wayne County: Detroit,Not intersection crash,Hit-and-run,Daylight,"County road, city street, or unknown",Local road or unknown,25,Cloudy,Possible injury (C),None,Not physically divided (two-way trafficway),Other
2017,May,23,5:00 PM - 6:00 PM,Wayne County: Detroit,Intersection crash,Hit-and-run,Daylight,"County road, city street, or unknown",Local road or unknown,25,Clear,Suspected serious injury (A),None,One-way trafficway,Single motor vehicle
2017,July,19,7:00 AM - 8:00 AM,Wayne County: Dearborn,Intersection crash,Not hit-and-run,Daylight,"County road, city street, or unknown",Local road or unknown,35,Clear,Suspected minor injury (B),Yield sign,"Divided highway, median strip, without traffic barrier",Other
2017,August,16,11:00 AM - 12:00 noon,Wayne County: Canton Twp.,Intersection crash,Not hit-and-run,Daylight,"County road, city street, or unknown",Local road or unknown,45,Clear,Suspected minor injury (B),Signal,Not physically divided (two-way trafficway),Single motor vehicle
2017,November,30,5:00 PM - 6:00 PM,Wayne County: Detroit,Intersection crash,Hit-and-run,Dark lighted,"County road, city street, or unknown",Local road or unknown,35,Clear,Fatal injury (K),None,Not physically divided (two-way trafficway),Single motor vehicle
2017,February,3,12:00 noon - 1:00 PM,Wayne County: Dearborn,Not intersection crash,Not hit-and-run,Daylight,"County road, city street, or unknown",Local road or unknown,40,Clear,Suspected minor injury (B),None,Not physically divided (two-way trafficway),Other
2017,April,3,10:00 PM - 11:00 PM,Wayne County: Detroit,Intersection crash,Hit-and-run,Dark lighted,"County road, city street, or unknown",Local road or unknown,35,Rain,Fatal injury (K),None,"Divided highway, median strip, with traffic barrier",Single motor vehicle
2017,September,28,5:00 PM - 6:00 PM,Wayne County: Hamtramck,Not intersection crash,Not hit-and-run,Daylight,"County road, city street, or unknown",Local road or unknown,25,Clear,Possible injury (C),None,One-way trafficway,Single motor vehicle
2017,June,23,8:00 AM - 9:00 AM,Wayne County: Detroit,Intersection crash,Not hit-and-run,Daylight,"County road, city street, or unknown",Local road or unknown,25,Cloudy,Possible injury (C),None,One-way trafficway,Other
2017,April,14,2:00 PM - 3:00 PM,Wayne County: Dearborn,Not intersection crash,Not hit-and-run,Daylight,Michigan route,M-153,35,Clear,No injury (O),Signal,"Divided highway, median strip, without traffic barrier",Other
2017,May,20,3:00 AM - 4:00 AM,Wayne County: Detroit,Not intersection crash,Hit-and-run,Dark lighted,Michigan route,M-10\US-10\US-10BR,55,Clear,Fatal injury (K),None,"Divided highway, median strip, with traffic barrier",Unknown
2017,July,27,2:00 PM - 3:00 PM,Wayne County: Detroit,Intersection crash,Not hit-and-run,Daylight,"County road, city street, or unknown",Local road or unknown,25,Clear,No injury (O),None,Not physically divided (two-way trafficway),Single motor vehicle
2017,June,5,4:00 PM - 5:00 PM,Wayne County: Detroit,Not intersection crash,Not hit-and-run,Daylight,"County road, city street, or unknown",Local road or unknown,25,Clear,Suspected minor injury (B),None,Not physically divided (two-way trafficway),Single motor vehicle
2017,February,1,7:00 PM - 8:00 PM,Wayne County: Detroit,Intersection crash,Hit-and-run,Dark lighted,"County road, city street, or unknown",Local road or unknown,25,Unknown,No injury (O),Signal,One-way trafficway,Other
2017,December,9,6:00 AM - 7:00 AM,Wayne County: Detroit,Not intersection crash,Hit-and-run,Dark lighted,"County road, city street, or unknown",Local road or unknown,25,Clear,Suspected minor injury (B),Stop sign,Not physically divided (two-way trafficway),Single motor vehicle
2017,April,24,10:00 PM - 11:00 PM,Wayne County: Detroit,Intersection crash,Hit-and-run,Dark lighted,"County road, city street, or unknown",Local road or unknown,30,Clear,Possible injury (C),None,Not physically divided (two-way trafficway),Single motor vehicle
2017,August,22,5:00 PM - 6:00 PM,Wayne County: Highland Park,Intersection crash,Not hit-and-run,Daylight,Michigan route,M-1,30,Clear,Possible injury (C),Signal,Not physically divided (two-way trafficway),Single motor vehicle
2017,July,5,11:00 AM - 12:00 noon,Wayne County: Trenton,Not intersection crash,Not hit-and-run,Daylight,Michigan route,M-85,Uncoded & errors,Clear,Suspected minor injury (B),Signal,"Divided highway, median strip, without traffic barrier",Other
2017,October,16,7:00 AM - 8:00 AM,Wayne County: Allen Park,Intersection crash,Not hit-and-run,Daylight,"County road, city street, or unknown",Local road or unknown,25,Clear,Possible injury (C),Signal,"Divided highway, median strip, without traffic barrier",Single motor vehicle
2017,August,6,10:00 PM - 11:00 PM,Wayne County: Detroit,Not intersection crash,Hit-and-run,Dark lighted,"County road, city street, or unknown",Local road or unknown,25,Cloudy,Fatal injury (K),None,Not physically divided (two-way trafficway),Single motor vehicle
2017,August,15,5:00 PM - 6:00 PM,Wayne County: Detroit,Not intersection crash,Not hit-and-run,Daylight,Michigan route,M-102\US-102,45,Clear,Suspected serious injury (A),None,"Divided highway, median strip, with traffic barrier",Single motor vehicle
2017,October,8,6:00 PM - 7:00 PM,Wayne County: Hamtramck,Not intersection crash,Not hit-and-run,Dusk,"County road, city street, or unknown",Local road or unknown,25,Clear,No injury (O),None,One-way trafficway,Single motor vehicle
2017,February,26,1:00 AM - 2:00 AM,Wayne County: Highland Park,Not intersection crash,Hit-and-run,Dark lighted,"County road, city street, or unknown",Local road or unknown,Uncoded & errors,Blowing snow,Suspected serious injury (A),None,Not physically divided (two-way trafficway),Unknown
2017,June,15,7:00 PM - 8:00 PM,Wayne County: Detroit,Intersection crash,Not hit-and-run,Dusk,Michigan route,M-3,35,Cloudy,Possible injury (C),Signal,"Divided highway, median strip, without traffic barrier",Single motor vehicle
2017,July,27,6:00 PM - 7:00 PM,Wayne County: Detroit,Not intersection crash,Not hit-and-run,Daylight,"County road, city street, or unknown",Local road or unknown,45,Clear,No injury (O),None,"Divided highway, median strip, with traffic barrier",Single motor vehicle
2017,November,23,10:00 PM - 11:00 PM,Wayne County: Westland,Not intersection crash,Not hit-and-run,Dark lighted,"County road, city street, or unknown",Local road or unknown,25,Clear,Suspected serious injury (A),None,Not physically divided (two-way trafficway),Other
2017,December,6,8:00 PM - 9:00 PM,Wayne County: Detroit,Not intersection crash,Not hit-and-run,Dark lighted,"County road, city street, or unknown",Local road or unknown,35,Clear,Possible injury (C),Signal,"Two-way, with continuous left-turn lane",Single motor vehicle
2017,April,12,10:00 AM - 11:00 AM,Wayne County: Detroit,Intersection crash,Not hit-and-run,Daylight,Michigan route,M-102\US-102,40,Clear,Possible injury (C),Signal,One-way trafficway,Single motor vehicle
2017,September,8,4:00 AM - 5:00 AM,Wayne County: Detroit,Not intersection crash,Hit-and-run,Dark lighted,"County road, city street, or unknown",Local road or unknown,25,Clear,Possible injury (C),None,Not physically divided (two-way trafficway),Other
2017,December,6,9:00 AM - 10:00 AM,Wayne County: Detroit,Intersection crash,Hit-and-run,Daylight,"County road, city street, or unknown",Local road or unknown,30,Clear,No injury (O),Signal,One-way trafficway,Other
2017,May,15,6:00 PM - 7:00 PM,Wayne County: Detroit,Not intersection crash,Hit-and-run,Daylight,"County road, city street, or unknown",Local road or unknown,25,Clear,No injury (O),None,Not physically divided (two-way trafficway),Other
2017,February,11,1:00 AM - 2:00 AM,Wayne County: Detroit,Intersection crash,Hit-and-run,Dark lighted,"County road, city street, or unknown",Local road or unknown,35,Clear,Fatal injury (K),None,Not physically divided (two-way trafficway),Other
2017,October,31,10:00 AM - 11:00 AM,Wayne County: Detroit,Not intersection crash,Not hit-and-run,Daylight,Michigan route,M-8\US-8,35,Clear,Possible injury (C),Signal,"Divided highway, median strip, with traffic barrier",Single motor vehicle
2017,March,5,8:00 PM - 9:00 PM,Wayne County: Detroit,Not intersection crash,Hit-and-run,Dusk,"County road, city street, or unknown",Local road or unknown,25,Cloudy,Fatal injury (K),None,Not physically divided (two-way trafficway),Single motor vehicle
2017,October,13,1:00 PM - 2:00 PM,Wayne County: Dearborn Heights,Intersection crash,Not hit-and-run,Daylight,Michigan route,M-153,40,Clear,No injury (O),Signal,Not physically divided (two-way trafficway),Other
2017,May,9,7:00 AM - 8:00 AM,Wayne County: Detroit,Not intersection crash,Not hit-and-run,Daylight,"County road, city street, or unknown",Local road or unknown,35,Clear,Possible injury (C),Signal,"Divided highway, median strip, without traffic barrier",Other
2017,May,8,3:00 PM - 4:00 PM,Wayne County: Redford Twp.,Intersection crash,Hit-and-run,Daylight,U.S. route,M-24\US-24\US-24BR,45,Clear,Suspected minor injury (B),Signal,"Divided highway, median strip, with traffic barrier",Single motor vehicle
2017,June,10,9:00 PM - 10:00 PM,Wayne County: Detroit,Not intersection crash,Hit-and-run,Dusk,Michigan route,M-3,35,Clear,Suspected minor injury (B),None,Not physically divided (two-way trafficway),Other
2017,November,8,7:00 AM - 8:00 AM,Wayne County: Detroit,Intersection crash,Hit-and-run,Daylight,"County road, city street, or unknown",Local road or unknown,25,Clear,Possible injury (C),Signal,Not physically divided (two-way trafficway),Other
2017,July,21,7:00 PM - 8:00 PM,Wayne County: Detroit,Not intersection crash,Not hit-and-run,Daylight,"County road, city street, or unknown",Local road or unknown,25,Clear,Suspected minor injury (B),None,One-way trafficway,Single motor vehicle
2017,May,31,5:00 PM - 6:00 PM,Wayne County: Detroit,Not intersection crash,Not hit-and-run,Daylight,"County road, city street, or unknown",Local road or unknown,30,Clear,No injury (O),None,Not physically divided (two-way trafficway),Single motor vehicle
2017,July,9,6:00 PM - 7:00 PM,Wayne County: Detroit,Not intersection crash,Not hit-and-run,Daylight,"County road, city street, or unknown",Local road or unknown,25,Clear,Suspected minor injury (B),None,Not physically divided (two-way trafficway),Other
2017,May,29,5:00 PM - 6:00 PM,Wayne County: Detroit,Intersection crash,Not hit-and-run,Daylight,"County road, city street, or unknown",Local road or unknown,25,Clear,Possible injury (C),None,Not physically divided (two-way trafficway),Single motor vehicle
2017,May,17,10:00 AM - 11:00 AM,Wayne County: Detroit,Not intersection crash,Not hit-and-run,Daylight,"County road, city street, or unknown",Local road or unknown,30,Clear,Possible injury (C),None,Not physically divided (two-way trafficway),Other
2017,April,14,5:00 AM - 6:00 AM,Wayne County: Westland,Intersection crash,Not hit-and-run,Dark lighted,U.S. route,M-12\US-12\US-12BL\US-12BR,45,Clear,Possible injury (C),Signal,Not physically divided (two-way trafficway),Single motor vehicle
2017,May,3,3:00 PM - 4:00 PM,Wayne County: Grosse Pointe Shores,Intersection crash,Hit-and-run,Daylight,"County road, city street, or unknown",Local road or unknown,35,Clear,No injury (O),Stop sign,Not physically divided (two-way trafficway),Single motor vehicle
2017,October,6,10:00 AM - 11:00 AM,Wayne County: Detroit,Intersection crash,Not hit-and-run,Daylight,"County road, city street, or unknown",Local road or unknown,25,Rain,Suspected serious injury (A),Signal,"Divided highway, median strip, with traffic barrier",Single motor vehicle
2017,November,18,12:00 midnight - 1:00 AM,Wayne County: Dearborn,Intersection crash,Hit-and-run,Dark lighted,"County road, city street, or unknown",Local road or unknown,45,Rain,Suspected minor injury (B),Signal,Not physically divided (two-way trafficway),Other
2017,January,2,6:00 PM - 7:00 PM,Wayne County: Sumpter Twp.,Not intersection crash,Hit-and-run,Dark unlighted,"County road, city street, or unknown",Local road or unknown,55,Rain,Suspected minor injury (B),None,Not physically divided (two-way trafficway),Single motor vehicle
2017,November,14,2:00 PM - 3:00 PM,Wayne County: Lincoln Park,Intersection crash,Hit-and-run,Daylight,Michigan route,M-85,40,Clear,No injury (O),None,"Divided highway, median strip, with traffic barrier",Single motor vehicle
2017,April,14,5:00 PM - 6:00 PM,Wayne County: Dearborn,Not intersection crash,Hit-and-run,Daylight,"County road, city street, or unknown",Local road or unknown,25,Cloudy,Suspected minor injury (B),None,Not physically divided (two-way trafficway),Single motor vehicle
2017,October,18,5:00 PM - 6:00 PM,Wayne County: Detroit,Not intersection crash,Hit-and-run,Daylight,"County road, city street, or unknown",Local road or unknown,25,Clear,Possible injury (C),Signal,"Divided highway, median strip, with traffic barrier",Single motor vehicle
2017,December,26,5:00 PM - 6:00 PM,Wayne County: Detroit,Intersection crash,Hit-and-run,Dark lighted,"County road, city street, or unknown",Local road or unknown,Uncoded & errors,Clear,Possible injury (C),None,Not physically divided (two-way trafficway),Unknown
2017,May,12,2:00 PM - 3:00 PM,Wayne County: Detroit,Intersection crash,Not hit-and-run,Daylight,"County road, city street, or unknown",Local road or unknown,30,Clear,No injury (O),None,Not physically divided (two-way trafficway),Single motor vehicle
2017,April,28,12:00 noon - 1:00 PM,Wayne County: Detroit,Intersection crash,Hit-and-run,Daylight,"County road, city street, or unknown",Local road or unknown,25,Clear,Possible injury (C),None,Not physically divided (two-way trafficway),Single motor vehicle
2017,October,13,12:00 noon - 1:00 PM,Wayne County: Detroit,Not intersection crash,Hit-and-run,Daylight,"County road, city street, or unknown",Local road or unknown,25,Clear,Suspected minor injury (B),None,Not physically divided (two-way trafficway),Single motor vehicle
2017,May,18,10:00 AM - 11:00 AM,Wayne County: Detroit,Not intersection crash,Not hit-and-run,Daylight,Interstate route,M-94\I-94\I-94BL\I-94BR,55,Clear,Possible injury (C),None,One-way trafficway,Other
2017,September,14,3:00 PM - 4:00 PM,Wayne County: Highland Park,Not intersection crash,Not hit-and-run,Daylight,"County road, city street, or unknown",Local road or unknown,35,Clear,Suspected serious injury (A),None,Not physically divided (two-way trafficway),Single motor vehicle
2017,July,12,11:00 PM - 12:00 midnight,Wayne County: Detroit,Not intersection crash,Hit-and-run,Dark unlighted,"County road, city street, or unknown",Local road or unknown,30,Clear,Suspected serious injury (A),None,Not physically divided (two-way trafficway),Single motor vehicle
2017,May,9,4:00 PM - 5:00 PM,Wayne County: Plymouth,Intersection crash,Hit-and-run,Daylight,"County road, city street, or unknown",Local road or unknown,25,Clear,Suspected minor injury (B),Signal,Not physically divided (two-way trafficway),Single motor vehicle
2017,May,11,3:00 PM - 4:00 PM,Wayne County: Southgate,Intersection crash,Not hit-and-run,Daylight,"County road, city street, or unknown",Local road or unknown,25,Clear,Possible injury (C),None,Not physically divided (two-way trafficway),Single motor vehicle
2017,August,21,8:00 PM - 9:00 PM,Wayne County: Dearborn,Not intersection crash,Not hit-and-run,Dark lighted,U.S. route,M-12\US-12\US-12BL\US-12BR,35,Clear,Suspected minor injury (B),None,One-way trafficway,Single motor vehicle
2017,January,22,4:00 AM - 5:00 AM,Wayne County: Detroit,Not intersection crash,Not hit-and-run,Dark lighted,Michigan route,M-39,55,Fog,Suspected serious injury (A),None,"Divided highway, median strip, with traffic barrier",Other
2017,November,20,5:00 PM - 6:00 PM,Wayne County: Westland,Not intersection crash,Not hit-and-run,Daylight,"County road, city street, or unknown",Local road or unknown,40,Clear,Suspected serious injury (A),None,Not physically divided (two-way trafficway),Single motor vehicle
2017,September,9,9:00 PM - 10:00 PM,Wayne County: Taylor,Not intersection crash,Not hit-and-run,Dark lighted,"County road, city street, or unknown",Local road or unknown,15,Clear,Possible injury (C),None,Not physically divided (two-way trafficway),Single motor vehicle
2017,August,28,1:00 PM - 2:00 PM,Wayne County: Detroit,Intersection crash,Hit-and-run,Daylight,Michigan route,M-8\US-8,35,Rain,Fatal injury (K),None,Not physically divided (two-way trafficway),Sideswipe same direction
2017,August,19,2:00 PM - 3:00 PM,Wayne County: Ecorse,Intersection crash,Not hit-and-run,Daylight,"County road, city street, or unknown",Local road or unknown,35,Clear,Suspected serious injury (A),Signal,Not physically divided (two-way trafficway),Single motor vehicle
2017,December,19,6:00 PM - 7:00 PM,Wayne County: Detroit,Not intersection crash,Hit-and-run,Dark lighted,"County road, city street, or unknown",Local road or unknown,35,Rain,Suspected serious injury (A),Signal,Not physically divided (two-way trafficway),Single motor vehicle
2017,June,4,4:00 PM - 5:00 PM,Wayne County: Detroit,Not intersection crash,Not hit-and-run,Daylight,"County road, city street, or unknown",Local road or unknown,25,Clear,Suspected minor injury (B),Stop with flashing beacon,Not physically divided (two-way trafficway),Other
2017,April,11,6:00 PM - 7:00 PM,Wayne County: Detroit,Not intersection crash,Hit-and-run,Daylight,"County road, city street, or unknown",Local road or unknown,25,Clear,No injury (O),None,Not physically divided (two-way trafficway),Other
2017,September,22,6:00 PM - 7:00 PM,Wayne County: Westland,Intersection crash,Not hit-and-run,Dusk,"County road, city street, or unknown",Local road or unknown,25,Clear,Possible injury (C),Signal,Not physically divided (two-way trafficway),Single motor vehicle
2017,November,7,11:00 AM - 12:00 noon,Wayne County: Detroit,Not intersection crash,Hit-and-run,Daylight,"County road, city street, or unknown",Local road or unknown,35,Clear,No injury (O),None,Not physically divided (two-way trafficway),Other
2017,June,6,10:00 PM - 11:00 PM,Wayne County: Detroit,Not intersection crash,Hit-and-run,Dark lighted,"County road, city street, or unknown",Local road or unknown,Uncoded & errors,Clear,No injury (O),Signal,Not physically divided (two-way trafficway),Other
2017,June,20,5:00 AM - 6:00 AM,Wayne County: Detroit,Not intersection crash,Not hit-and-run,Dawn,"County road, city street, or unknown",Local road or unknown,30,Clear,Fatal injury (K),None,Not physically divided (two-way trafficway),Single motor vehicle
2017,June,26,11:00 PM - 12:00 midnight,Wayne County: Detroit,Intersection crash,Not hit-and-run,Dark lighted,Michigan route,M-3,25,Rain,Possible injury (C),None,Not physically divided (two-way trafficway),Single motor vehicle
2017,May,2,3:00 PM - 4:00 PM,Wayne County: Detroit,Intersection crash,Not hit-and-run,Daylight,"County road, city street, or unknown",Local road or unknown,25,Cloudy,Possible injury (C),Stop sign,"Divided highway, median strip, without traffic barrier",Single motor vehicle
2017,July,3,4:00 PM - 5:00 PM,Wayne County: Highland Park,Not intersection crash,Not hit-and-run,Daylight,Michigan route,M-1,30,Clear,Possible injury (C),None,Not physically divided (two-way trafficway),Single motor vehicle
2017,July,7,2:00 PM - 3:00 PM,Wayne County: Detroit,Not intersection crash,Not hit-and-run,Daylight,"County road, city street, or unknown",Local road or unknown,35,Clear,Suspected serious injury (A),Signal,Not physically divided (two-way trafficway),Single motor vehicle
2017,March,23,10:00 AM - 11:00 AM,Wayne County: Taylor,Not intersection crash,Not hit-and-run,Daylight,"County road, city street, or unknown",Local road or unknown,45,Clear,Fatal injury (K),None,Not physically divided (two-way trafficway),Other
2017,June,15,1:00 PM - 2:00 PM,Wayne County: Taylor,Not intersection crash,Not hit-and-run,Daylight,"County road, city street, or unknown",Local road or unknown,45,Cloudy,Suspected serious injury (A),Signal,Not physically divided (two-way trafficway),Single motor vehicle
2017,December,6,3:00 PM - 4:00 PM,Wayne County: Hamtramck,Not intersection crash,Not hit-and-run,Daylight,"County road, city street, or unknown",Local road or unknown,25,Clear,Suspected minor injury (B),None,One-way trafficway,Other
2017,July,2,6:00 PM - 7:00 PM,Wayne County: Detroit,Not intersection crash,Not hit-and-run,Daylight,"County road, city street, or unknown",Local road or unknown,45,Clear,No injury (O),None,Not physically divided (two-way trafficway),Single motor vehicle
2017,March,2,10:00 PM - 11:00 PM,Wayne County: Detroit,Intersection crash,Hit-and-run,Dark lighted,"County road, city street, or unknown",Local road or unknown,30,Clear,No injury (O),Signal,One-way trafficway,Single motor vehicle
2017,July,17,1:00 PM - 2:00 PM,Wayne County: Detroit,Intersection crash,Not hit-and-run,Daylight,Michigan route,M-85,30,Clear,No injury (O),None,Not physically divided (two-way trafficway),Other
2017,February,1,3:00 PM - 4:00 PM,Wayne County: Detroit,Intersection crash,Not hit-and-run,Daylight,"County road, city street, or unknown",Local road or unknown,25,Cloudy,Possible injury (C),Stop sign,Not physically divided (two-way trafficway),Single motor vehicle
2017,May,25,4:00 PM - 5:00 PM,Wayne County: Highland Park,Intersection crash,Not hit-and-run,Daylight,Michigan route,M-1,30,Rain,Possible injury (C),Signal,Not physically divided (two-way trafficway),Single motor vehicle
2017,March,3,2:00 AM - 3:00 AM,Wayne County: Detroit,Intersection crash,Hit-and-run,Dark lighted,"County road, city street, or unknown",Local road or unknown,25,Clear,Possible injury (C),None,Not physically divided (two-way trafficway),Single motor vehicle
2017,July,13,5:00 PM - 6:00 PM,Wayne County: Detroit,Not intersection crash,Not hit-and-run,Daylight,"County road, city street, or unknown",Local road or unknown,35,Clear,Suspected minor injury (B),None,Not physically divided (two-way trafficway),Single motor vehicle
2017,April,27,11:00 AM - 12:00 noon,Wayne County: Detroit,Not intersection crash,Not hit-and-run,Daylight,"County road, city street, or unknown",Local road or unknown,25,Cloudy,Possible injury (C),None,Not physically divided (two-way trafficway),Single motor vehicle
2017,October,30,3:00 PM - 4:00 PM,Wayne County: Dearborn Heights,Intersection crash,Not hit-and-run,Daylight,"County road, city street, or unknown",Local road or unknown,25,Cloudy,Suspected serious injury (A),None,Not physically divided (two-way trafficway),Single motor vehicle
2017,March,21,7:00 AM - 8:00 AM,Wayne County: Detroit,Intersection crash,Not hit-and-run,Dawn,"County road, city street, or unknown",Local road or unknown,35,Fog,Possible injury (C),Signal,Not physically divided (two-way trafficway),Unknown
2017,May,3,7:00 AM - 8:00 AM,Wayne County: Detroit,Intersection crash,Not hit-and-run,Daylight,"County road, city street, or unknown",Local road or unknown,25,Clear,Possible injury (C),None,Not physically divided (two-way trafficway),Other
2017,December,21,10:00 PM - 11:00 PM,Wayne County: Canton Twp.,Intersection crash,Not hit-and-run,Dark unlighted,"County road, city street, or unknown",Local road or unknown,45,Clear,Suspected minor injury (B),Signal,"Two-way, with continuous left-turn lane",Single motor vehicle
2017,September,29,11:00 AM - 12:00 noon,Wayne County: Detroit,Not intersection crash,Hit-and-run,Daylight,"County road, city street, or unknown",Local road or unknown,15,Clear,Possible injury (C),None,One-way trafficway,Other